ticket_id,created_at,customer,status,priority,assignee,subject,description,payload_json,internal_notes,tags,updated_at
T-2041,2026-09-01 09:12,Brightwave Labs,open,high,ana,Export fails for archived invoices,"The nightly export stopped including archived invoices after the March migration.

Steps to reproduce:
1. Open Billing > Exports
2. Choose ""All invoices"", including archived
3. The file contains only open invoices

The finance team needs the full export before quarter close.","{""account"":{""id"":2041,""plan"":""team"",""seats"":14,""region"":""eu-west-1""},""export"":{""format"":""csv"",""include_archived"":true,""rows_expected"":18240,""rows_received"":11872},""last_error"":null}",Root cause looks like the archived flag being dropped by the new sync job. Workaround: re-run the export with the legacy flag enabled. Do not offer another extension; they already had two this year.,"export,billing,regression",2026-09-02 17:00
T-2042,2026-09-01 10:40,Kestrel Foods,open,normal,ben,SSO login loops back to sign-in page,Users in the Warehouse group are sent back to the sign-in page after authenticating. Other groups are fine. Started after their identity provider rotated certificates on Friday.,"{""account"":{""id"":2042,""plan"":""business"",""seats"":220,""region"":""us-east-1""},""sso"":{""provider"":""saml"",""certificate_expires"":""2027-08-30"",""affected_group"":""warehouse""}}",Asked their IT contact for the new metadata XML. Certificate fingerprint on our side is still the old one.,"sso,login",2026-09-01 15:22
T-2043,2026-09-02 08:05,Aldermoor Health,closed,urgent,chen,Dashboard totals differ from report,"The dashboard shows 1,204 appointments for August, the downloaded report shows 1,187. The difference is the 17 appointments created between midnight and 2am UTC on the 1st.","{""account"":{""id"":2043,""plan"":""enterprise"",""seats"":900,""region"":""eu-central-1""},""report"":{""timezone"":""Europe/Berlin"",""dashboard_timezone"":""UTC""}}",Timezone mismatch between the warehouse (UTC) and the reporting layer (local). Fixed in release 4.18.2.,"reporting,timezone",2026-09-04 11:10
T-2044,2026-09-02 13:30,Pinecrest Media,open,low,dev,Request: dark mode for embedded player,Would like the embedded player to follow the host page's color scheme.,"{""account"":{""id"":2044,""plan"":""team"",""seats"":9,""region"":""us-west-2""}}",,feature-request,2026-09-02 13:31
T-2045,2026-09-03 07:48,Solvane Robotics,pending,high,ana,API returns 429 during bulk import,"Bulk import of 40,000 parts fails about a third of the way through with HTTP 429. Retries succeed but the job takes hours.

They are well under the documented rate limit of 600 requests per minute.","{""account"":{""id"":2045,""plan"":""business"",""seats"":64,""region"":""ap-southeast-2""},""import"":{""total"":40000,""completed"":13418,""rate_limit_per_min"":600,""observed_per_min"":412},""last_error"":{""status"":429,""retry_after_s"":30}}","Limit is being applied per IP, and their integration runs behind a shared NAT. Raise with platform team.","api,rate-limit,import",2026-09-05 09:02
T-2046,2026-09-03 11:15,Marlowe & Finch,closed,normal,ben,Invoice PDF shows wrong VAT number,The VAT number on invoice PDFs is the old one. It was updated in settings two weeks ago.,"{""account"":{""id"":2046,""plan"":""team"",""seats"":6,""region"":""eu-west-2""},""invoice"":{""template_version"":3,""cached"":true}}",Template cache was not invalidated when billing details changed. Cleared the cache; fix scheduled.,"billing,pdf",2026-09-03 16:40
T-2047,2026-09-04 09:59,Tidewater Analytics,open,normal,chen,Webhook deliveries delayed by 20 minutes,"Webhooks for ""record.updated"" arrive 15 to 25 minutes late since Tuesday. Order is preserved.","{""account"":{""id"":2047,""plan"":""business"",""seats"":120,""region"":""us-east-1""},""webhook"":{""event"":""record.updated"",""p50_delay_s"":940,""p95_delay_s"":1490,""endpoint_status"":200}}",Queue backlog on the us-east-1 delivery workers. Capacity was added on the 5th; watching.,"webhooks,latency",2026-09-05 08:15
T-2048,2026-09-04 14:22,Quillon Systems,pending,low,dev,Cannot change workspace owner,The current owner left the company. The transfer button is disabled for admins.,"{""account"":{""id"":2048,""plan"":""team"",""seats"":11,""region"":""us-west-2""}}",Needs identity verification from a second admin before support can transfer ownership.,"account,permissions",2026-09-04 14:50
T-2049,2026-09-05 10:03,Brightwave Labs,open,normal,ana,CSV import treats semicolons as text,Importing a semicolon-separated file puts every row into one column. The same file opens fine in their spreadsheet app.,"{""account"":{""id"":2041,""plan"":""team"",""seats"":14,""region"":""eu-west-1""},""import"":{""delimiter_detected"":"","",""delimiter_actual"":"";""}}","Delimiter detection only samples the first line, which is a title row in their file.","import,csv",2026-09-05 12:30
T-2050,2026-09-05 16:41,Kestrel Foods,closed,high,ben,Mobile app crashes when scanning barcode,The app closes immediately when the scanner opens on older devices. Newer devices are fine.,"{""account"":{""id"":2042,""plan"":""business"",""seats"":220,""region"":""us-east-1""},""device"":{""os"":""13"",""model"":""handheld-a3"",""app_version"":""7.4.0""}}",Camera permission prompt regression in 7.4.0. Fixed in 7.4.1.,"mobile,crash",2026-09-08 09:00
T-2051,2026-09-06 08:30,Aldermoor Health,open,urgent,chen,Audit log missing entries for bulk edits,Bulk edits made through the API do not appear in the audit log. Edits made in the UI do. This blocks their compliance review on the 15th.,"{""account"":{""id"":2043,""plan"":""enterprise"",""seats"":900,""region"":""eu-central-1""},""audit"":{""source"":""api"",""bulk"":true,""entries_expected"":3120,""entries_found"":0}}",Bulk endpoint bypasses the audit middleware. Hotfix in review.,"audit,compliance,api",2026-09-06 18:05
T-2052,2026-09-06 12:10,Pinecrest Media,pending,normal,dev,Storage usage shown as 0 GB,Usage page shows 0 GB although about 300 GB of video is uploaded.,"{""account"":{""id"":2044,""plan"":""team"",""seats"":9,""region"":""us-west-2""},""storage"":{""reported_gb"":0,""actual_gb"":298.4}}",,"billing,storage",2026-09-06 12:12
