ticket_id,created_at,customer,status,description,priority,channel,assignee,subject,payload_json,internal_notes,tags,sla_breached,updated_at
T-1000,2026-09-01 09:00,Customer 0 GmbH,closed,"customer intermittently workaround so confirmed customer intermittently workaround so confirmed customer intermittently workaround so confirmed customer intermittently workaround so confirmed customer intermittently workaround so confirmed customer intermittently workaround so confirmed customer intermittently workaround so confirmed customer intermittently workaround so confirmed.

Steps:
1. Open dashboard
2. Click export
3. Observe 500",low,chat,ana,Export fails for account 1000,"{""id"":1000,""account"":{""plan"":""team"",""seats"":5,""region"":""eu-west-1""},""events"":[{""t"":""2026-09-10T10:10:00Z"",""type"":""retry"",""code"":500},{""t"":""2026-09-11T10:11:00Z"",""type"":""sync_failed"",""code"":501},{""t"":""2026-09-12T10:12:00Z"",""type"":""retry"",""code"":502},{""t"":""2026-09-13T10:13:00Z"",""type"":""sync_failed"",""code"":503},{""t"":""2026-09-14T10:14:00Z"",""type"":""retry"",""code"":504},{""t"":""2026-09-15T10:15:00Z"",""type"":""sync_failed"",""code"":505},{""t"":""2026-09-16T10:16:00Z"",""type"":""retry"",""code"":506},{""t"":""2026-09-17T10:17:00Z"",""type"":""sync_failed"",""code"":507},{""t"":""2026-09-18T10:18:00Z"",""type"":""retry"",""code"":508},{""t"":""2026-09-19T10:19:00Z"",""type"":""sync_failed"",""code"":509},{""t"":""2026-09-20T10:20:00Z"",""type"":""retry"",""code"":510},{""t"":""2026-09-21T10:21:00Z"",""type"":""sync_failed"",""code"":511},{""t"":""2026-09-22T10:22:00Z"",""type"":""retry"",""code"":512},{""t"":""2026-09-23T10:23:00Z"",""type"":""sync_failed"",""code"":513},{""t"":""2026-09-24T10:24:00Z"",""type"":""retry"",""code"":514},{""t"":""2026-09-25T10:25:00Z"",""type"":""sync_failed"",""code"":515},{""t"":""2026-09-26T10:26:00Z"",""type"":""retry"",""code"":516},{""t"":""2026-09-27T10:27:00Z"",""type"":""sync_failed"",""code"":517},{""t"":""2026-09-10T10:28:00Z"",""type"":""retry"",""code"":518},{""t"":""2026-09-11T10:29:00Z"",""type"":""sync_failed"",""code"":519},{""t"":""2026-09-12T10:30:00Z"",""type"":""retry"",""code"":520},{""t"":""2026-09-13T10:31:00Z"",""type"":""sync_failed"",""code"":521},{""t"":""2026-09-14T10:32:00Z"",""type"":""retry"",""code"":522},{""t"":""2026-09-15T10:33:00Z"",""type"":""sync_failed"",""code"":523},{""t"":""2026-09-16T10:34:00Z"",""type"":""retry"",""code"":524},{""t"":""2026-09-17T10:35:00Z"",""type"":""sync_failed"",""code"":525},{""t"":""2026-09-18T10:36:00Z"",""type"":""retry"",""code"":526},{""t"":""2026-09-19T10:37:00Z"",""type"":""sync_failed"",""code"":527},{""t"":""2026-09-20T10:38:00Z"",""type"":""retry"",""code"":528},{""t"":""2026-09-21T10:39:00Z"",""type"":""sync_failed"",""code"":529},{""t"":""2026-09-22T10:40:00Z"",""type"":""retry"",""code"":530},{""t"":""2026-09-23T10:41:00Z"",""type"":""sync_failed"",""code"":531},{""t"":""2026-09-24T10:42:00Z"",""type"":""retry"",""code"":532},{""t"":""2026-09-25T10:43:00Z"",""type"":""sync_failed"",""code"":533},{""t"":""2026-09-26T10:44:00Z"",""type"":""retry"",""code"":534},{""t"":""2026-09-27T10:45:00Z"",""type"":""sync_failed"",""code"":535},{""t"":""2026-09-10T10:46:00Z"",""type"":""retry"",""code"":536},{""t"":""2026-09-11T10:47:00Z"",""type"":""sync_failed"",""code"":537},{""t"":""2026-09-12T10:48:00Z"",""type"":""retry"",""code"":538},{""t"":""2026-09-13T10:49:00Z"",""type"":""sync_failed"",""code"":539},{""t"":""2026-09-14T10:50:00Z"",""type"":""retry"",""code"":540},{""t"":""2026-09-15T10:51:00Z"",""type"":""sync_failed"",""code"":541},{""t"":""2026-09-16T10:52:00Z"",""type"":""retry"",""code"":542},{""t"":""2026-09-17T10:53:00Z"",""type"":""sync_failed"",""code"":543},{""t"":""2026-09-18T10:54:00Z"",""type"":""retry"",""code"":544},{""t"":""2026-09-19T10:55:00Z"",""type"":""sync_failed"",""code"":545},{""t"":""2026-09-20T10:56:00Z"",""type"":""retry"",""code"":546},{""t"":""2026-09-21T10:57:00Z"",""type"":""sync_failed"",""code"":547},{""t"":""2026-09-22T10:58:00Z"",""type"":""retry"",""code"":548},{""t"":""2026-09-23T10:10:00Z"",""type"":""sync_failed"",""code"":549},{""t"":""2026-09-24T10:11:00Z"",""type"":""retry"",""code"":550},{""t"":""2026-09-25T10:12:00Z"",""type"":""sync_failed"",""code"":551},{""t"":""2026-09-26T10:13:00Z"",""type"":""retry"",""code"":552},{""t"":""2026-09-27T10:14:00Z"",""type"":""sync_failed"",""code"":553},{""t"":""2026-09-10T10:15:00Z"",""type"":""retry"",""code"":554},{""t"":""2026-09-11T10:16:00Z"",""type"":""sync_failed"",""code"":555},{""t"":""2026-09-12T10:17:00Z"",""type"":""retry"",""code"":556},{""t"":""2026-09-13T10:18:00Z"",""type"":""sync_failed"",""code"":557},{""t"":""2026-09-14T10:19:00Z"",""type"":""retry"",""code"":558},{""t"":""2026-09-15T10:20:00Z"",""type"":""sync_failed"",""code"":559},{""t"":""2026-09-16T10:21:00Z"",""type"":""retry"",""code"":560},{""t"":""2026-09-17T10:22:00Z"",""type"":""sync_failed"",""code"":561},{""t"":""2026-09-18T10:23:00Z"",""type"":""retry"",""code"":562},{""t"":""2026-09-19T10:24:00Z"",""type"":""sync_failed"",""code"":563},{""t"":""2026-09-20T10:25:00Z"",""type"":""retry"",""code"":564},{""t"":""2026-09-21T10:26:00Z"",""type"":""sync_failed"",""code"":565},{""t"":""2026-09-22T10:27:00Z"",""type"":""retry"",""code"":566},{""t"":""2026-09-23T10:28:00Z"",""type"":""sync_failed"",""code"":567},{""t"":""2026-09-24T10:29:00Z"",""type"":""retry"",""code"":568},{""t"":""2026-09-25T10:30:00Z"",""type"":""sync_failed"",""code"":569},{""t"":""2026-09-26T10:31:00Z"",""type"":""retry"",""code"":570},{""t"":""2026-09-27T10:32:00Z"",""type"":""sync_failed"",""code"":571},{""t"":""2026-09-10T10:33:00Z"",""type"":""retry"",""code"":572},{""t"":""2026-09-11T10:34:00Z"",""type"":""sync_failed"",""code"":573},{""t"":""2026-09-12T10:35:00Z"",""type"":""retry"",""code"":574},{""t"":""2026-09-13T10:36:00Z"",""type"":""sync_failed"",""code"":575},{""t"":""2026-09-14T10:37:00Z"",""type"":""retry"",""code"":576},{""t"":""2026-09-15T10:38:00Z"",""type"":""sync_failed"",""code"":577},{""t"":""2026-09-16T10:39:00Z"",""type"":""retry"",""code"":578},{""t"":""2026-09-17T10:40:00Z"",""type"":""sync_failed"",""code"":579},{""t"":""2026-09-18T10:41:00Z"",""type"":""retry"",""code"":580},{""t"":""2026-09-19T10:42:00Z"",""type"":""sync_failed"",""code"":581},{""t"":""2026-09-20T10:43:00Z"",""type"":""retry"",""code"":582},{""t"":""2026-09-21T10:44:00Z"",""type"":""sync_failed"",""code"":583},{""t"":""2026-09-22T10:45:00Z"",""type"":""retry"",""code"":584},{""t"":""2026-09-23T10:46:00Z"",""type"":""sync_failed"",""code"":585},{""t"":""2026-09-24T10:47:00Z"",""type"":""retry"",""code"":586},{""t"":""2026-09-25T10:48:00Z"",""type"":""sync_failed"",""code"":587},{""t"":""2026-09-26T10:49:00Z"",""type"":""retry"",""code"":588},{""t"":""2026-09-27T10:50:00Z"",""type"":""sync_failed"",""code"":589},{""t"":""2026-09-10T10:51:00Z"",""type"":""retry"",""code"":590},{""t"":""2026-09-11T10:52:00Z"",""type"":""sync_failed"",""code"":591},{""t"":""2026-09-12T10:53:00Z"",""type"":""retry"",""code"":592},{""t"":""2026-09-13T10:54:00Z"",""type"":""sync_failed"",""code"":593},{""t"":""2026-09-14T10:55:00Z"",""type"":""retry"",""code"":594},{""t"":""2026-09-15T10:56:00Z"",""type"":""sync_failed"",""code"":595},{""t"":""2026-09-16T10:57:00Z"",""type"":""retry"",""code"":596},{""t"":""2026-09-17T10:58:00Z"",""type"":""sync_failed"",""code"":597},{""t"":""2026-09-18T10:10:00Z"",""type"":""retry"",""code"":598},{""t"":""2026-09-19T10:11:00Z"",""type"":""sync_failed"",""code"":599},{""t"":""2026-09-20T10:12:00Z"",""type"":""retry"",""code"":600},{""t"":""2026-09-21T10:13:00Z"",""type"":""sync_failed"",""code"":601},{""t"":""2026-09-22T10:14:00Z"",""type"":""retry"",""code"":602},{""t"":""2026-09-23T10:15:00Z"",""type"":""sync_failed"",""code"":603},{""t"":""2026-09-24T10:16:00Z"",""type"":""retry"",""code"":604},{""t"":""2026-09-25T10:17:00Z"",""type"":""sync_failed"",""code"":605},{""t"":""2026-09-26T10:18:00Z"",""type"":""retry"",""code"":606},{""t"":""2026-09-27T10:19:00Z"",""type"":""sync_failed"",""code"":607},{""t"":""2026-09-10T10:20:00Z"",""type"":""retry"",""code"":608},{""t"":""2026-09-11T10:21:00Z"",""type"":""sync_failed"",""code"":609},{""t"":""2026-09-12T10:22:00Z"",""type"":""retry"",""code"":610},{""t"":""2026-09-13T10:23:00Z"",""type"":""sync_failed"",""code"":611},{""t"":""2026-09-14T10:24:00Z"",""type"":""retry"",""code"":612},{""t"":""2026-09-15T10:25:00Z"",""type"":""sync_failed"",""code"":613},{""t"":""2026-09-16T10:26:00Z"",""type"":""retry"",""code"":614},{""t"":""2026-09-17T10:27:00Z"",""type"":""sync_failed"",""code"":615},{""t"":""2026-09-18T10:28:00Z"",""type"":""retry"",""code"":616},{""t"":""2026-09-19T10:29:00Z"",""type"":""sync_failed"",""code"":617},{""t"":""2026-09-20T10:30:00Z"",""type"":""retry"",""code"":618},{""t"":""2026-09-21T10:31:00Z"",""type"":""sync_failed"",""code"":619},{""t"":""2026-09-22T10:32:00Z"",""type"":""retry"",""code"":620},{""t"":""2026-09-23T10:33:00Z"",""type"":""sync_failed"",""code"":621},{""t"":""2026-09-24T10:34:00Z"",""type"":""retry"",""code"":622},{""t"":""2026-09-25T10:35:00Z"",""type"":""sync_failed"",""code"":623},{""t"":""2026-09-26T10:36:00Z"",""type"":""retry"",""code"":624},{""t"":""2026-09-27T10:37:00Z"",""type"":""sync_failed"",""code"":625},{""t"":""2026-09-10T10:38:00Z"",""type"":""retry"",""code"":626},{""t"":""2026-09-11T10:39:00Z"",""type"":""sync_failed"",""code"":627},{""t"":""2026-09-12T10:40:00Z"",""type"":""retry"",""code"":628},{""t"":""2026-09-13T10:41:00Z"",""type"":""sync_failed"",""code"":629},{""t"":""2026-09-14T10:42:00Z"",""type"":""retry"",""code"":630},{""t"":""2026-09-15T10:43:00Z"",""type"":""sync_failed"",""code"":631},{""t"":""2026-09-16T10:44:00Z"",""type"":""retry"",""code"":632},{""t"":""2026-09-17T10:45:00Z"",""type"":""sync_failed"",""code"":633},{""t"":""2026-09-18T10:46:00Z"",""type"":""retry"",""code"":634},{""t"":""2026-09-19T10:47:00Z"",""type"":""sync_failed"",""code"":635},{""t"":""2026-09-20T10:48:00Z"",""type"":""retry"",""code"":636},{""t"":""2026-09-21T10:49:00Z"",""type"":""sync_failed"",""code"":637},{""t"":""2026-09-22T10:50:00Z"",""type"":""retry"",""code"":638},{""t"":""2026-09-23T10:51:00Z"",""type"":""sync_failed"",""code"":639},{""t"":""2026-09-24T10:52:00Z"",""type"":""retry"",""code"":640},{""t"":""2026-09-25T10:53:00Z"",""type"":""sync_failed"",""code"":641},{""t"":""2026-09-26T10:54:00Z"",""type"":""retry"",""code"":642},{""t"":""2026-09-27T10:55:00Z"",""type"":""sync_failed"",""code"":643},{""t"":""2026-09-10T10:56:00Z"",""type"":""retry"",""code"":644},{""t"":""2026-09-11T10:57:00Z"",""type"":""sync_failed"",""code"":645},{""t"":""2026-09-12T10:58:00Z"",""type"":""retry"",""code"":646},{""t"":""2026-09-13T10:10:00Z"",""type"":""sync_failed"",""code"":647},{""t"":""2026-09-14T10:11:00Z"",""type"":""retry"",""code"":648},{""t"":""2026-09-15T10:12:00Z"",""type"":""sync_failed"",""code"":649},{""t"":""2026-09-16T10:13:00Z"",""type"":""retry"",""code"":650},{""t"":""2026-09-17T10:14:00Z"",""type"":""sync_failed"",""code"":651},{""t"":""2026-09-18T10:15:00Z"",""type"":""retry"",""code"":652},{""t"":""2026-09-19T10:16:00Z"",""type"":""sync_failed"",""code"":653},{""t"":""2026-09-20T10:17:00Z"",""type"":""retry"",""code"":654},{""t"":""2026-09-21T10:18:00Z"",""type"":""sync_failed"",""code"":655},{""t"":""2026-09-22T10:19:00Z"",""type"":""retry"",""code"":656},{""t"":""2026-09-23T10:20:00Z"",""type"":""sync_failed"",""code"":657},{""t"":""2026-09-24T10:21:00Z"",""type"":""retry"",""code"":658},{""t"":""2026-09-25T10:22:00Z"",""type"":""sync_failed"",""code"":659},{""t"":""2026-09-26T10:23:00Z"",""type"":""retry"",""code"":660},{""t"":""2026-09-27T10:24:00Z"",""type"":""sync_failed"",""code"":661},{""t"":""2026-09-10T10:25:00Z"",""type"":""retry"",""code"":662},{""t"":""2026-09-11T10:26:00Z"",""type"":""sync_failed"",""code"":663},{""t"":""2026-09-12T10:27:00Z"",""type"":""retry"",""code"":664},{""t"":""2026-09-13T10:28:00Z"",""type"":""sync_failed"",""code"":665},{""t"":""2026-09-14T10:29:00Z"",""type"":""retry"",""code"":666},{""t"":""2026-09-15T10:30:00Z"",""type"":""sync_failed"",""code"":667},{""t"":""2026-09-16T10:31:00Z"",""type"":""retry"",""code"":668},{""t"":""2026-09-17T10:32:00Z"",""type"":""sync_failed"",""code"":669},{""t"":""2026-09-18T10:33:00Z"",""type"":""retry"",""code"":670},{""t"":""2026-09-19T10:34:00Z"",""type"":""sync_failed"",""code"":671},{""t"":""2026-09-20T10:35:00Z"",""type"":""retry"",""code"":672},{""t"":""2026-09-21T10:36:00Z"",""type"":""sync_failed"",""code"":673},{""t"":""2026-09-22T10:37:00Z"",""type"":""retry"",""code"":674},{""t"":""2026-09-23T10:38:00Z"",""type"":""sync_failed"",""code"":675},{""t"":""2026-09-24T10:39:00Z"",""type"":""retry"",""code"":676},{""t"":""2026-09-25T10:40:00Z"",""type"":""sync_failed"",""code"":677},{""t"":""2026-09-26T10:41:00Z"",""type"":""retry"",""code"":678},{""t"":""2026-09-27T10:42:00Z"",""type"":""sync_failed"",""code"":679},{""t"":""2026-09-10T10:43:00Z"",""type"":""retry"",""code"":680},{""t"":""2026-09-11T10:44:00Z"",""type"":""sync_failed"",""code"":681},{""t"":""2026-09-12T10:45:00Z"",""type"":""retry"",""code"":682},{""t"":""2026-09-13T10:46:00Z"",""type"":""sync_failed"",""code"":683},{""t"":""2026-09-14T10:47:00Z"",""type"":""retry"",""code"":684},{""t"":""2026-09-15T10:48:00Z"",""type"":""sync_failed"",""code"":685},{""t"":""2026-09-16T10:49:00Z"",""type"":""retry"",""code"":686},{""t"":""2026-09-17T10:50:00Z"",""type"":""sync_failed"",""code"":687},{""t"":""2026-09-18T10:51:00Z"",""type"":""retry"",""code"":688},{""t"":""2026-09-19T10:52:00Z"",""type"":""sync_failed"",""code"":689},{""t"":""2026-09-20T10:53:00Z"",""type"":""retry"",""code"":690},{""t"":""2026-09-21T10:54:00Z"",""type"":""sync_failed"",""code"":691},{""t"":""2026-09-22T10:55:00Z"",""type"":""retry"",""code"":692},{""t"":""2026-09-23T10:56:00Z"",""type"":""sync_failed"",""code"":693},{""t"":""2026-09-24T10:57:00Z"",""type"":""retry"",""code"":694},{""t"":""2026-09-25T10:58:00Z"",""type"":""sync_failed"",""code"":695},{""t"":""2026-09-26T10:10:00Z"",""type"":""retry"",""code"":696},{""t"":""2026-09-27T10:11:00Z"",""type"":""sync_failed"",""code"":697},{""t"":""2026-09-10T10:12:00Z"",""type"":""retry"",""code"":698},{""t"":""2026-09-11T10:13:00Z"",""type"":""sync_failed"",""code"":699},{""t"":""2026-09-12T10:14:00Z"",""type"":""retry"",""code"":700},{""t"":""2026-09-13T10:15:00Z"",""type"":""sync_failed"",""code"":701},{""t"":""2026-09-14T10:16:00Z"",""type"":""retry"",""code"":702},{""t"":""2026-09-15T10:17:00Z"",""type"":""sync_failed"",""code"":703},{""t"":""2026-09-16T10:18:00Z"",""type"":""retry"",""code"":704},{""t"":""2026-09-17T10:19:00Z"",""type"":""sync_failed"",""code"":705},{""t"":""2026-09-18T10:20:00Z"",""type"":""retry"",""code"":706},{""t"":""2026-09-19T10:21:00Z"",""type"":""sync_failed"",""code"":707},{""t"":""2026-09-20T10:22:00Z"",""type"":""retry"",""code"":708},{""t"":""2026-09-21T10:23:00Z"",""type"":""sync_failed"",""code"":709},{""t"":""2026-09-22T10:24:00Z"",""type"":""retry"",""code"":710},{""t"":""2026-09-23T10:25:00Z"",""type"":""sync_failed"",""code"":711},{""t"":""2026-09-24T10:26:00Z"",""type"":""retry"",""code"":712},{""t"":""2026-09-25T10:27:00Z"",""type"":""sync_failed"",""code"":713},{""t"":""2026-09-26T10:28:00Z"",""type"":""retry"",""code"":714},{""t"":""2026-09-27T10:29:00Z"",""type"":""sync_failed"",""code"":715},{""t"":""2026-09-10T10:30:00Z"",""type"":""retry"",""code"":716},{""t"":""2026-09-11T10:31:00Z"",""type"":""sync_failed"",""code"":717},{""t"":""2026-09-12T10:32:00Z"",""type"":""retry"",""code"":718},{""t"":""2026-09-13T10:33:00Z"",""type"":""sync_failed"",""code"":719}]}",reported after of we a reported after of we a reported after of we a reported after of we a reported after of we a reported after of we a reported after of we a reported after of we a reported after of we a reported after of we a reported after of we a reported after of we a.,"export,sync,regression",true,2026-09-02 17:00
T-1001,2026-09-02 09:01,Customer 1 GmbH,open,reported after of we a reported after of we a reported after of we a reported after of we a reported after of we a reported after of we a reported after of we a reported after of we a reported after of we a reported after of we a reported after of we a reported after of we a reported after of we a reported after of we a.,normal,email,ben,Export fails for account 1001,"{""id"":1001,""account"":{""plan"":""pro"",""seats"":6,""region"":""eu-west-1""},""events"":[{""t"":""2026-09-10T10:10:00Z"",""type"":""retry"",""code"":500},{""t"":""2026-09-11T10:11:00Z"",""type"":""sync_failed"",""code"":501},{""t"":""2026-09-12T10:12:00Z"",""type"":""retry"",""code"":502},{""t"":""2026-09-13T10:13:00Z"",""type"":""sync_failed"",""code"":503},{""t"":""2026-09-14T10:14:00Z"",""type"":""retry"",""code"":504},{""t"":""2026-09-15T10:15:00Z"",""type"":""sync_failed"",""code"":505}]}",the latest cache to in the latest cache to in the latest cache to in the latest cache to in the latest cache to in the latest cache to in the latest cache to in the latest cache to in the latest cache to in the latest cache to in the latest cache to in the latest cache to in the latest cache to in the latest cache to in the latest cache to in the latest cache to in the latest cache to in the latest cache to in the latest cache to in the latest cache to in the latest cache to in the latest cache to in the latest cache to in the latest cache to in the latest cache to in the latest cache to in the latest cache to in the latest cache to in the latest cache to in the latest cache to in the latest cache to in the latest cache to in the latest cache to in the latest cache to in the latest cache to in the latest cache to in the latest cache to in the latest cache to in the latest cache to in the latest cache to in the latest cache to in the latest cache to in the latest cache to in the latest cache to in the latest cache to in the latest cache to in the latest cache to in the latest cache to in the latest cache to in the latest cache to in the latest cache to in the latest cache to in the latest cache to in the latest cache to in the latest cache to in the latest cache to in the latest cache to in the latest cache to in the latest cache to in the latest cache to in the latest cache to in the latest cache to in the latest cache to in the latest cache to in the latest cache to in the latest cache to in the latest cache to in the latest cache to in the latest cache to in the latest cache to in the latest cache to in the latest cache to in the latest cache to in the latest cache to in the latest cache to in the latest cache to in the latest cache to in the latest cache to in the latest cache to in the latest cache to in the latest cache to in the latest cache to in the latest cache to in the latest cache to in the latest cache to in the latest cache to in the latest cache to in the latest cache to in the latest cache to in the latest cache to in the latest cache to in the latest cache to in the latest cache to in the latest cache to in the latest cache to in the latest cache to in the latest cache to in the latest cache to in the latest cache to in the latest cache to in the latest cache to in the latest cache to in the latest cache to in the latest cache to in the latest cache to in the latest cache to in the latest cache to in the latest cache to in the latest cache to in the latest cache to in the latest cache to in the latest cache to in the latest cache to in the latest cache to in the latest cache to in the latest cache to in the latest cache to in the latest cache to in the latest cache to in the latest cache to in the latest cache to in the latest cache to in the latest cache to in the latest cache to in the latest cache to in the latest cache to in the latest cache to in the latest cache to in the latest cache to in the latest cache to in the latest cache to in the latest cache to in the latest cache to in the latest cache to in the latest cache to in the latest cache to in the latest cache to in the latest cache to in the latest cache to in the latest cache to in the latest cache to in the latest cache to in the latest cache to in the latest cache to in the latest cache to in the latest cache to in the latest cache to in the latest cache to in the latest cache to in the latest cache to in the latest cache to in the latest cache to in the latest cache to in the latest cache to in the latest cache to in the latest cache to in the latest cache to in the latest cache to in the latest cache to in the latest cache to in the latest cache to in the latest cache to in the latest cache to in the latest cache to in the latest cache to in the latest cache to in the latest cache to in the latest cache to in the latest cache to in the latest cache to in the latest cache to in the latest cache to in the latest cache to in the latest cache to in the latest cache to in the latest cache to in the latest cache to in the latest cache to in the latest cache to in the latest cache to in the latest cache to in the latest cache to in the latest cache to in the latest cache to in the latest cache to in the latest cache to in the latest cache to in the latest cache to in the latest cache to in the latest cache to in the latest cache to in the latest cache to in the latest cache to in the latest cache to in the latest cache to in the latest cache to in the latest cache to in the latest cache to in the latest cache to in the latest cache to in the latest cache to in the latest cache to in the latest cache to in the latest cache to in the latest cache to in the latest cache to in the latest cache to in the latest cache to in the latest cache to in the latest cache to in the latest cache to in the latest cache to in the latest cache to in the latest cache to in the latest cache to in the latest cache to in the latest cache to in the latest cache to in the latest cache to in the latest cache to in the latest cache to in the latest cache to in the latest cache to in the latest cache to in the latest cache to in the latest cache to in the latest cache to in the latest cache to in the latest cache to in the latest cache to in the latest cache to in the latest cache to in the latest cache to in the latest cache to in the latest cache to in the latest cache to in the latest cache to in the latest cache to in the latest cache to in the latest cache to in the latest cache to in the latest cache to in the latest cache to in the latest cache to in the latest cache to in the latest cache to in the latest cache to in the latest cache to in the latest cache to in the latest cache to in the latest cache to in the latest cache to in the latest cache to in the latest cache to in the latest cache to in the latest cache to in the latest cache to in the latest cache to in the latest cache to in the latest cache to in the latest cache to in the latest cache to in the latest cache to in the latest cache to in the latest cache to in the latest cache to in the latest cache to in the latest cache to in the latest cache to in the latest cache to in the latest cache to in the latest cache to in the latest cache to in the latest cache to in the latest cache to in the latest cache to in the latest cache to in the latest cache to in the latest cache to in the latest cache to in the latest cache to in the latest cache to in the latest cache to in the latest cache to in the latest cache to in the latest cache to in the latest cache to in the latest cache to in the latest cache to in the latest cache to in the latest cache to in the latest cache to in the latest cache to in the latest cache to in the latest cache to in the latest cache to in the latest cache to in the latest cache to in the latest cache to in the latest cache to in the latest cache to in the latest cache to in the latest cache to in the latest cache to in the latest cache to in the latest cache to in the latest cache to in the latest cache to in the latest cache to in the latest cache to in the latest cache to in the latest cache to in the latest cache to in the latest cache to in the latest cache to in the latest cache to in the latest cache to in the latest cache to in the latest cache to in the latest cache to in the latest cache to in the latest cache to in the latest cache to in the latest cache to in the latest cache to in the latest cache to in the latest cache to in the latest cache to in the latest cache to in the latest cache to in the latest cache to in the latest cache to in the latest cache to in the latest cache to in the latest cache to in the latest cache to in the latest cache to in the latest cache to in the latest cache to in the latest cache to in the latest cache to in the latest cache to in the latest cache to in the latest cache to in the latest cache to in the latest cache to in the latest cache to in the latest cache to in the latest cache to in the latest cache to in the latest cache to in the latest cache to in the latest cache to in the latest cache to in the latest cache to in the latest cache to in the latest cache to in the latest cache to in the latest cache to in the latest cache to in the latest cache to in the latest cache to in the latest cache to in the latest cache to in the latest cache to in the latest cache to in the latest cache to in the latest cache to in the latest cache to in the latest cache to in the latest cache to in the latest cache to in the latest cache to in the latest cache to in the latest cache to in the latest cache to in the latest cache to in the latest cache to in the latest cache to in the latest cache to in the latest cache to in the latest cache to in the latest cache to in the latest cache to in the latest cache to in the latest cache to in the latest cache to in the latest cache to in the latest cache to in the latest cache to in the latest cache to in the latest cache to in the latest cache to in the latest cache to in the latest cache to in the latest cache to in the latest cache to in the latest cache to in the latest cache to in the latest cache to in the latest cache to in the latest cache to in the latest cache to in the latest cache to in the latest cache to in the latest cache to in the latest cache to in the latest cache to in the latest cache to in the latest cache to in the latest cache to in the latest cache to in the latest cache to in the latest cache to in the latest cache to in the latest cache to in the latest cache to in the latest cache to in the latest cache to in the latest cache to in the latest cache to in the latest cache to in the latest cache to in the latest cache to in the latest cache to in the latest cache to in the latest cache to in the latest cache to in the latest cache to in the latest cache to in the latest cache to in the latest cache to in the latest cache to in the latest cache to in the latest cache to in the latest cache to in the latest cache to in the latest cache to in the latest cache to in the latest cache to in the latest cache to in the latest cache to in the latest cache to in the latest cache to in the latest cache to in the latest cache to in the latest cache to in the latest cache to in the latest cache to in the latest cache to in the latest cache to in the latest cache to in the latest cache to in the latest cache to in the latest cache to in the latest cache to in the latest cache to in the latest cache to in the latest cache to in the latest cache to in the latest cache to in the latest cache to in the latest cache to in the latest cache to in the latest cache to in the latest cache to in the latest cache to in the latest cache to in the latest cache to in the latest cache to in the latest cache to in the latest cache to in the latest cache to in the latest cache to in the latest cache to in the latest cache to in the latest cache to in the latest cache to in the latest cache to in the latest cache to in.,"export,sync,regression",false,2026-09-03 17:00
T-1002,2026-09-03 09:02,Customer 2 GmbH,open,that the clearing escalated regression that the clearing escalated regression that the clearing escalated regression that the clearing escalated regression that the clearing escalated regression that the clearing escalated regression that the clearing escalated regression that the clearing escalated regression that the clearing escalated regression that the clearing escalated regression that the clearing escalated regression that the clearing escalated regression that the clearing escalated regression that the clearing escalated regression that the clearing escalated regression that the clearing escalated regression that the clearing escalated regression that the clearing escalated regression that the clearing escalated regression that the clearing escalated regression.,high,chat,chen,Export fails for account 1002,"{""id"":1002,""account"":{""plan"":""team"",""seats"":7,""region"":""eu-west-1""},""events"":[{""t"":""2026-09-10T10:10:00Z"",""type"":""retry"",""code"":500},{""t"":""2026-09-11T10:11:00Z"",""type"":""sync_failed"",""code"":501},{""t"":""2026-09-12T10:12:00Z"",""type"":""retry"",""code"":502},{""t"":""2026-09-13T10:13:00Z"",""type"":""sync_failed"",""code"":503},{""t"":""2026-09-14T10:14:00Z"",""type"":""retry"",""code"":504},{""t"":""2026-09-15T10:15:00Z"",""type"":""sync_failed"",""code"":505}]}",the latest cache to in the latest cache to in the latest cache to in the latest cache to in the latest cache to in the latest cache to in the latest cache to in the latest cache to in the latest cache to in the latest cache to in the latest cache to in the latest cache to in.,"export,sync,regression",false,2026-09-04 17:00
T-1003,2026-09-04 09:03,Customer 3 GmbH,closed,the latest cache to in the latest cache to in the latest cache to in the latest cache to in the latest cache to in the latest cache to in the latest cache to in the latest cache to in the latest cache to in the latest cache to in the latest cache to in the latest cache to in the latest cache to in the latest cache to in the latest cache to in the latest cache to in the latest cache to in the latest cache to in the latest cache to in the latest cache to in the latest cache to in the latest cache to in the latest cache to in the latest cache to in the latest cache to in the latest cache to in.,urgent,email,dev,Export fails for account 1003,"{""id"":1003,""account"":{""plan"":""pro"",""seats"":8,""region"":""eu-west-1""},""events"":[{""t"":""2026-09-10T10:10:00Z"",""type"":""retry"",""code"":500},{""t"":""2026-09-11T10:11:00Z"",""type"":""sync_failed"",""code"":501},{""t"":""2026-09-12T10:12:00Z"",""type"":""retry"",""code"":502},{""t"":""2026-09-13T10:13:00Z"",""type"":""sync_failed"",""code"":503},{""t"":""2026-09-14T10:14:00Z"",""type"":""retry"",""code"":504},{""t"":""2026-09-15T10:15:00Z"",""type"":""sync_failed"",""code"":505}]}",export update did tier the export update did tier the export update did tier the export update did tier the export update did tier the export update did tier the export update did tier the export update did tier the export update did tier the export update did tier the export update did tier the export update did tier the.,"export,sync,regression",false,2026-09-05 17:00
T-1004,2026-09-05 09:04,Customer 4 GmbH,open,"export update did tier the export update did tier the export update did tier the export update did tier the export update did tier the export update did tier the export update did tier the export update did tier the export update did tier the export update did tier the export update did tier the export update did tier the export update did tier the export update did tier the export update did tier the export update did tier the export update did tier the export update did tier the export update did tier the export update did tier the export update did tier the export update did tier the export update did tier the export update did tier the export update did tier the export update did tier the export update did tier the export update did tier the export update did tier the export update did tier the export update did tier the export update did tier the.

Steps:
1. Open dashboard
2. Click export
3. Observe 500",low,chat,ana,Export fails for account 1004,"{""id"":1004,""account"":{""plan"":""team"",""seats"":9,""region"":""eu-west-1""},""events"":[{""t"":""2026-09-10T10:10:00Z"",""type"":""retry"",""code"":500},{""t"":""2026-09-11T10:11:00Z"",""type"":""sync_failed"",""code"":501},{""t"":""2026-09-12T10:12:00Z"",""type"":""retry"",""code"":502},{""t"":""2026-09-13T10:13:00Z"",""type"":""sync_failed"",""code"":503},{""t"":""2026-09-14T10:14:00Z"",""type"":""retry"",""code"":504},{""t"":""2026-09-15T10:15:00Z"",""type"":""sync_failed"",""code"":505}]}",button and not two sync button and not two sync button and not two sync button and not two sync button and not two sync button and not two sync button and not two sync button and not two sync button and not two sync button and not two sync button and not two sync button and not two sync.,"export,sync,regression",false,2026-09-06 17:00
T-1005,2026-09-06 09:05,Customer 5 GmbH,open,button and not two sync button and not two sync button and not two sync button and not two sync button and not two sync button and not two sync button and not two sync button and not two sync.,normal,email,ben,Export fails for account 1005,"{""id"":1005,""account"":{""plan"":""pro"",""seats"":10,""region"":""eu-west-1""},""events"":[{""t"":""2026-09-10T10:10:00Z"",""type"":""retry"",""code"":500},{""t"":""2026-09-11T10:11:00Z"",""type"":""sync_failed"",""code"":501},{""t"":""2026-09-12T10:12:00Z"",""type"":""retry"",""code"":502},{""t"":""2026-09-13T10:13:00Z"",""type"":""sync_failed"",""code"":503},{""t"":""2026-09-14T10:14:00Z"",""type"":""retry"",""code"":504},{""t"":""2026-09-15T10:15:00Z"",""type"":""sync_failed"",""code"":505}]}",fails the help who job fails the help who job fails the help who job fails the help who job fails the help who job fails the help who job fails the help who job fails the help who job fails the help who job fails the help who job fails the help who job fails the help who job.,"export,sync,regression",true,2026-09-07 17:00
T-1006,2026-09-07 09:06,Customer 6 GmbH,closed,fails the help who job fails the help who job fails the help who job fails the help who job fails the help who job fails the help who job fails the help who job fails the help who job fails the help who job fails the help who job fails the help who job fails the help who job fails the help who job fails the help who job.,high,chat,chen,Export fails for account 1006,"{""id"":1006,""account"":{""plan"":""team"",""seats"":11,""region"":""eu-west-1""},""events"":[{""t"":""2026-09-10T10:10:00Z"",""type"":""retry"",""code"":500},{""t"":""2026-09-11T10:11:00Z"",""type"":""sync_failed"",""code"":501},{""t"":""2026-09-12T10:12:00Z"",""type"":""retry"",""code"":502},{""t"":""2026-09-13T10:13:00Z"",""type"":""sync_failed"",""code"":503},{""t"":""2026-09-14T10:14:00Z"",""type"":""retry"",""code"":504},{""t"":""2026-09-15T10:15:00Z"",""type"":""sync_failed"",""code"":505}]}",intermittently workaround so confirmed customer intermittently workaround so confirmed customer intermittently workaround so confirmed customer intermittently workaround so confirmed customer intermittently workaround so confirmed customer intermittently workaround so confirmed customer intermittently workaround so confirmed customer intermittently workaround so confirmed customer intermittently workaround so confirmed customer intermittently workaround so confirmed customer intermittently workaround so confirmed customer intermittently workaround so confirmed customer.,"export,sync,regression",false,2026-09-08 17:00
T-1007,2026-09-08 09:07,Customer 7 GmbH,open,intermittently workaround so confirmed customer intermittently workaround so confirmed customer intermittently workaround so confirmed customer intermittently workaround so confirmed customer intermittently workaround so confirmed customer intermittently workaround so confirmed customer intermittently workaround so confirmed customer intermittently workaround so confirmed customer intermittently workaround so confirmed customer intermittently workaround so confirmed customer intermittently workaround so confirmed customer intermittently workaround so confirmed customer intermittently workaround so confirmed customer intermittently workaround so confirmed customer intermittently workaround so confirmed customer intermittently workaround so confirmed customer intermittently workaround so confirmed customer intermittently workaround so confirmed customer intermittently workaround so confirmed customer intermittently workaround so confirmed customer.,urgent,email,dev,Export fails for account 1007,"{""id"":1007,""account"":{""plan"":""pro"",""seats"":12,""region"":""eu-west-1""},""events"":[{""t"":""2026-09-10T10:10:00Z"",""type"":""retry"",""code"":500},{""t"":""2026-09-11T10:11:00Z"",""type"":""sync_failed"",""code"":501},{""t"":""2026-09-12T10:12:00Z"",""type"":""retry"",""code"":502},{""t"":""2026-09-13T10:13:00Z"",""type"":""sync_failed"",""code"":503},{""t"":""2026-09-14T10:14:00Z"",""type"":""retry"",""code"":504},{""t"":""2026-09-15T10:15:00Z"",""type"":""sync_failed"",""code"":505}]}",after of we a reported after of we a reported after of we a reported after of we a reported after of we a reported after of we a reported after of we a reported after of we a reported after of we a reported after of we a reported after of we a reported after of we a reported.,"export,sync,regression",false,2026-09-09 17:00
T-1008,2026-09-09 09:08,Customer 8 GmbH,open,"after of we a reported after of we a reported after of we a reported after of we a reported after of we a reported after of we a reported after of we a reported after of we a reported after of we a reported after of we a reported after of we a reported after of we a reported after of we a reported after of we a reported after of we a reported after of we a reported after of we a reported after of we a reported after of we a reported after of we a reported after of we a reported after of we a reported after of we a reported after of we a reported after of we a reported after of we a reported.

Steps:
1. Open dashboard
2. Click export
3. Observe 500",low,chat,ana,Export fails for account 1008,"{""id"":1008,""account"":{""plan"":""team"",""seats"":13,""region"":""eu-west-1""},""events"":[{""t"":""2026-09-10T10:10:00Z"",""type"":""retry"",""code"":500},{""t"":""2026-09-11T10:11:00Z"",""type"":""sync_failed"",""code"":501},{""t"":""2026-09-12T10:12:00Z"",""type"":""retry"",""code"":502},{""t"":""2026-09-13T10:13:00Z"",""type"":""sync_failed"",""code"":503},{""t"":""2026-09-14T10:14:00Z"",""type"":""retry"",""code"":504},{""t"":""2026-09-15T10:15:00Z"",""type"":""sync_failed"",""code"":505}]}",the clearing escalated regression that the clearing escalated regression that the clearing escalated regression that the clearing escalated regression that the clearing escalated regression that the clearing escalated regression that the clearing escalated regression that the clearing escalated regression that the clearing escalated regression that the clearing escalated regression that the clearing escalated regression that the clearing escalated regression that.,"export,sync,regression",false,2026-09-10 17:00
T-1009,2026-09-10 09:09,Customer 9 GmbH,closed,the clearing escalated regression that the clearing escalated regression that the clearing escalated regression that the clearing escalated regression that the clearing escalated regression that the clearing escalated regression that the clearing escalated regression that the clearing escalated regression that the clearing escalated regression that the clearing escalated regression that the clearing escalated regression that the clearing escalated regression that the clearing escalated regression that the clearing escalated regression that the clearing escalated regression that the clearing escalated regression that the clearing escalated regression that the clearing escalated regression that the clearing escalated regression that the clearing escalated regression that the clearing escalated regression that the clearing escalated regression that the clearing escalated regression that the clearing escalated regression that the clearing escalated regression that the clearing escalated regression that the clearing escalated regression that the clearing escalated regression that the clearing escalated regression that the clearing escalated regression that the clearing escalated regression that the clearing escalated regression that.,normal,email,ben,Export fails for account 1009,"{""id"":1009,""account"":{""plan"":""pro"",""seats"":14,""region"":""eu-west-1""},""events"":[{""t"":""2026-09-10T10:10:00Z"",""type"":""retry"",""code"":500},{""t"":""2026-09-11T10:11:00Z"",""type"":""sync_failed"",""code"":501},{""t"":""2026-09-12T10:12:00Z"",""type"":""retry"",""code"":502},{""t"":""2026-09-13T10:13:00Z"",""type"":""sync_failed"",""code"":503},{""t"":""2026-09-14T10:14:00Z"",""type"":""retry"",""code"":504},{""t"":""2026-09-15T10:15:00Z"",""type"":""sync_failed"",""code"":505}]}",latest cache to in the latest cache to in the latest cache to in the latest cache to in the latest cache to in the latest cache to in the latest cache to in the latest cache to in the latest cache to in the latest cache to in the latest cache to in the latest cache to in the.,"export,sync,regression",false,2026-09-11 17:00
T-1010,2026-09-11 09:10,Customer 10 GmbH,open,latest cache to in the latest cache to in the latest cache to in the latest cache to in the latest cache to in the latest cache to in the latest cache to in the latest cache to in the.,high,chat,chen,Export fails for account 1010,"{""id"":1010,""account"":{""plan"":""team"",""seats"":15,""region"":""eu-west-1""},""events"":[{""t"":""2026-09-10T10:10:00Z"",""type"":""retry"",""code"":500},{""t"":""2026-09-11T10:11:00Z"",""type"":""sync_failed"",""code"":501},{""t"":""2026-09-12T10:12:00Z"",""type"":""retry"",""code"":502},{""t"":""2026-09-13T10:13:00Z"",""type"":""sync_failed"",""code"":503},{""t"":""2026-09-14T10:14:00Z"",""type"":""retry"",""code"":504},{""t"":""2026-09-15T10:15:00Z"",""type"":""sync_failed"",""code"":505}]}",update did tier the export update did tier the export update did tier the export update did tier the export update did tier the export update did tier the export update did tier the export update did tier the export update did tier the export update did tier the export update did tier the export update did tier the export.,"export,sync,regression",true,2026-09-12 17:00
T-1011,2026-09-12 09:11,Customer 11 GmbH,open,update did tier the export update did tier the export update did tier the export update did tier the export update did tier the export update did tier the export update did tier the export update did tier the export update did tier the export update did tier the export update did tier the export update did tier the export update did tier the export update did tier the export.,urgent,email,dev,Export fails for account 1011,"{""id"":1011,""account"":{""plan"":""pro"",""seats"":16,""region"":""eu-west-1""},""events"":[{""t"":""2026-09-10T10:10:00Z"",""type"":""retry"",""code"":500},{""t"":""2026-09-11T10:11:00Z"",""type"":""sync_failed"",""code"":501},{""t"":""2026-09-12T10:12:00Z"",""type"":""retry"",""code"":502},{""t"":""2026-09-13T10:13:00Z"",""type"":""sync_failed"",""code"":503},{""t"":""2026-09-14T10:14:00Z"",""type"":""retry"",""code"":504},{""t"":""2026-09-15T10:15:00Z"",""type"":""sync_failed"",""code"":505}]}",and not two sync button and not two sync button and not two sync button and not two sync button and not two sync button and not two sync button and not two sync button and not two sync button and not two sync button and not two sync button and not two sync button and not two sync button.,"export,sync,regression",false,2026-09-13 17:00
T-1012,2026-09-13 09:12,Customer 12 GmbH,closed,"and not two sync button and not two sync button and not two sync button and not two sync button and not two sync button and not two sync button and not two sync button and not two sync button and not two sync button and not two sync button and not two sync button and not two sync button and not two sync button and not two sync button and not two sync button and not two sync button and not two sync button and not two sync button and not two sync button and not two sync button.

Steps:
1. Open dashboard
2. Click export
3. Observe 500",low,chat,ana,Export fails for account 1012,"{""id"":1012,""account"":{""plan"":""team"",""seats"":17,""region"":""eu-west-1""},""events"":[{""t"":""2026-09-10T10:10:00Z"",""type"":""retry"",""code"":500},{""t"":""2026-09-11T10:11:00Z"",""type"":""sync_failed"",""code"":501},{""t"":""2026-09-12T10:12:00Z"",""type"":""retry"",""code"":502},{""t"":""2026-09-13T10:13:00Z"",""type"":""sync_failed"",""code"":503},{""t"":""2026-09-14T10:14:00Z"",""type"":""retry"",""code"":504},{""t"":""2026-09-15T10:15:00Z"",""type"":""sync_failed"",""code"":505}]}",the help who job fails the help who job fails the help who job fails the help who job fails the help who job fails the help who job fails the help who job fails the help who job fails the help who job fails the help who job fails the help who job fails the help who job fails.,"export,sync,regression",false,2026-09-14 17:00
T-1013,2026-09-14 09:13,Customer 13 GmbH,open,the help who job fails the help who job fails the help who job fails the help who job fails the help who job fails the help who job fails the help who job fails the help who job fails the help who job fails the help who job fails the help who job fails the help who job fails the help who job fails the help who job fails the help who job fails the help who job fails the help who job fails the help who job fails the help who job fails the help who job fails the help who job fails the help who job fails the help who job fails the help who job fails the help who job fails the help who job fails.,normal,email,ben,Export fails for account 1013,"{""id"":1013,""account"":{""plan"":""pro"",""seats"":18,""region"":""eu-west-1""},""events"":[{""t"":""2026-09-10T10:10:00Z"",""type"":""retry"",""code"":500},{""t"":""2026-09-11T10:11:00Z"",""type"":""sync_failed"",""code"":501},{""t"":""2026-09-12T10:12:00Z"",""type"":""retry"",""code"":502},{""t"":""2026-09-13T10:13:00Z"",""type"":""sync_failed"",""code"":503},{""t"":""2026-09-14T10:14:00Z"",""type"":""retry"",""code"":504},{""t"":""2026-09-15T10:15:00Z"",""type"":""sync_failed"",""code"":505}]}",workaround so confirmed customer intermittently workaround so confirmed customer intermittently workaround so confirmed customer intermittently workaround so confirmed customer intermittently workaround so confirmed customer intermittently workaround so confirmed customer intermittently workaround so confirmed customer intermittently workaround so confirmed customer intermittently workaround so confirmed customer intermittently workaround so confirmed customer intermittently workaround so confirmed customer intermittently workaround so confirmed customer intermittently.,"export,sync,regression",false,2026-09-15 17:00
T-1014,2026-09-15 09:14,Customer 14 GmbH,open,workaround so confirmed customer intermittently workaround so confirmed customer intermittently workaround so confirmed customer intermittently workaround so confirmed customer intermittently workaround so confirmed customer intermittently workaround so confirmed customer intermittently workaround so confirmed customer intermittently workaround so confirmed customer intermittently workaround so confirmed customer intermittently workaround so confirmed customer intermittently workaround so confirmed customer intermittently workaround so confirmed customer intermittently workaround so confirmed customer intermittently workaround so confirmed customer intermittently workaround so confirmed customer intermittently workaround so confirmed customer intermittently workaround so confirmed customer intermittently workaround so confirmed customer intermittently workaround so confirmed customer intermittently workaround so confirmed customer intermittently workaround so confirmed customer intermittently workaround so confirmed customer intermittently workaround so confirmed customer intermittently workaround so confirmed customer intermittently workaround so confirmed customer intermittently workaround so confirmed customer intermittently workaround so confirmed customer intermittently workaround so confirmed customer intermittently workaround so confirmed customer intermittently workaround so confirmed customer intermittently workaround so confirmed customer intermittently workaround so confirmed customer intermittently.,high,chat,chen,Export fails for account 1014,"{""id"":1014,""account"":{""plan"":""team"",""seats"":19,""region"":""eu-west-1""},""events"":[{""t"":""2026-09-10T10:10:00Z"",""type"":""retry"",""code"":500},{""t"":""2026-09-11T10:11:00Z"",""type"":""sync_failed"",""code"":501},{""t"":""2026-09-12T10:12:00Z"",""type"":""retry"",""code"":502},{""t"":""2026-09-13T10:13:00Z"",""type"":""sync_failed"",""code"":503},{""t"":""2026-09-14T10:14:00Z"",""type"":""retry"",""code"":504},{""t"":""2026-09-15T10:15:00Z"",""type"":""sync_failed"",""code"":505}]}",of we a reported after of we a reported after of we a reported after of we a reported after of we a reported after of we a reported after of we a reported after of we a reported after of we a reported after of we a reported after of we a reported after of we a reported after.,"export,sync,regression",false,2026-09-16 17:00
T-1015,2026-09-16 09:15,Customer 15 GmbH,closed,of we a reported after of we a reported after of we a reported after of we a reported after of we a reported after of we a reported after of we a reported after of we a reported after.,urgent,email,dev,Export fails for account 1015,"{""id"":1015,""account"":{""plan"":""pro"",""seats"":20,""region"":""eu-west-1""},""events"":[{""t"":""2026-09-10T10:10:00Z"",""type"":""retry"",""code"":500},{""t"":""2026-09-11T10:11:00Z"",""type"":""sync_failed"",""code"":501},{""t"":""2026-09-12T10:12:00Z"",""type"":""retry"",""code"":502},{""t"":""2026-09-13T10:13:00Z"",""type"":""sync_failed"",""code"":503},{""t"":""2026-09-14T10:14:00Z"",""type"":""retry"",""code"":504},{""t"":""2026-09-15T10:15:00Z"",""type"":""sync_failed"",""code"":505}]}",clearing escalated regression that the clearing escalated regression that the clearing escalated regression that the clearing escalated regression that the clearing escalated regression that the clearing escalated regression that the clearing escalated regression that the clearing escalated regression that the clearing escalated regression that the clearing escalated regression that the clearing escalated regression that the clearing escalated regression that the.,"export,sync,regression",true,2026-09-17 17:00
T-1016,2026-09-17 09:16,Customer 16 GmbH,open,"clearing escalated regression that the clearing escalated regression that the clearing escalated regression that the clearing escalated regression that the clearing escalated regression that the clearing escalated regression that the clearing escalated regression that the clearing escalated regression that the clearing escalated regression that the clearing escalated regression that the clearing escalated regression that the clearing escalated regression that the clearing escalated regression that the clearing escalated regression that the.

Steps:
1. Open dashboard
2. Click export
3. Observe 500",low,chat,ana,Export fails for account 1016,"{""id"":1016,""account"":{""plan"":""team"",""seats"":21,""region"":""eu-west-1""},""events"":[{""t"":""2026-09-10T10:10:00Z"",""type"":""retry"",""code"":500},{""t"":""2026-09-11T10:11:00Z"",""type"":""sync_failed"",""code"":501},{""t"":""2026-09-12T10:12:00Z"",""type"":""retry"",""code"":502},{""t"":""2026-09-13T10:13:00Z"",""type"":""sync_failed"",""code"":503},{""t"":""2026-09-14T10:14:00Z"",""type"":""retry"",""code"":504},{""t"":""2026-09-15T10:15:00Z"",""type"":""sync_failed"",""code"":505}]}",cache to in the latest cache to in the latest cache to in the latest cache to in the latest cache to in the latest cache to in the latest cache to in the latest cache to in the latest cache to in the latest cache to in the latest cache to in the latest cache to in the latest.,"export,sync,regression",false,2026-09-18 17:00
T-1017,2026-09-18 09:17,Customer 17 GmbH,open,cache to in the latest cache to in the latest cache to in the latest cache to in the latest cache to in the latest cache to in the latest cache to in the latest cache to in the latest cache to in the latest cache to in the latest cache to in the latest cache to in the latest cache to in the latest cache to in the latest cache to in the latest cache to in the latest cache to in the latest cache to in the latest cache to in the latest cache to in the latest.,normal,email,ben,Export fails for account 1017,"{""id"":1017,""account"":{""plan"":""pro"",""seats"":22,""region"":""eu-west-1""},""events"":[{""t"":""2026-09-10T10:10:00Z"",""type"":""retry"",""code"":500},{""t"":""2026-09-11T10:11:00Z"",""type"":""sync_failed"",""code"":501},{""t"":""2026-09-12T10:12:00Z"",""type"":""retry"",""code"":502},{""t"":""2026-09-13T10:13:00Z"",""type"":""sync_failed"",""code"":503},{""t"":""2026-09-14T10:14:00Z"",""type"":""retry"",""code"":504},{""t"":""2026-09-15T10:15:00Z"",""type"":""sync_failed"",""code"":505}]}",did tier the export update did tier the export update did tier the export update did tier the export update did tier the export update did tier the export update did tier the export update did tier the export update did tier the export update did tier the export update did tier the export update did tier the export update.,"export,sync,regression",false,2026-09-19 17:00
T-1018,2026-09-19 09:18,Customer 18 GmbH,closed,did tier the export update did tier the export update did tier the export update did tier the export update did tier the export update did tier the export update did tier the export update did tier the export update did tier the export update did tier the export update did tier the export update did tier the export update did tier the export update did tier the export update did tier the export update did tier the export update did tier the export update did tier the export update did tier the export update did tier the export update did tier the export update did tier the export update did tier the export update did tier the export update did tier the export update did tier the export update.,high,chat,chen,Export fails for account 1018,"{""id"":1018,""account"":{""plan"":""team"",""seats"":23,""region"":""eu-west-1""},""events"":[{""t"":""2026-09-10T10:10:00Z"",""type"":""retry"",""code"":500},{""t"":""2026-09-11T10:11:00Z"",""type"":""sync_failed"",""code"":501},{""t"":""2026-09-12T10:12:00Z"",""type"":""retry"",""code"":502},{""t"":""2026-09-13T10:13:00Z"",""type"":""sync_failed"",""code"":503},{""t"":""2026-09-14T10:14:00Z"",""type"":""retry"",""code"":504},{""t"":""2026-09-15T10:15:00Z"",""type"":""sync_failed"",""code"":505}]}",not two sync button and not two sync button and not two sync button and not two sync button and not two sync button and not two sync button and not two sync button and not two sync button and not two sync button and not two sync button and not two sync button and not two sync button and.,"export,sync,regression",false,2026-09-20 17:00
T-1019,2026-09-20 09:19,Customer 19 GmbH,open,not two sync button and not two sync button and not two sync button and not two sync button and not two sync button and not two sync button and not two sync button and not two sync button and not two sync button and not two sync button and not two sync button and not two sync button and not two sync button and not two sync button and not two sync button and not two sync button and not two sync button and not two sync button and not two sync button and not two sync button and not two sync button and not two sync button and not two sync button and not two sync button and not two sync button and not two sync button and not two sync button and not two sync button and not two sync button and not two sync button and not two sync button and not two sync button and.,urgent,email,dev,Export fails for account 1019,"{""id"":1019,""account"":{""plan"":""pro"",""seats"":24,""region"":""eu-west-1""},""events"":[{""t"":""2026-09-10T10:10:00Z"",""type"":""retry"",""code"":500},{""t"":""2026-09-11T10:11:00Z"",""type"":""sync_failed"",""code"":501},{""t"":""2026-09-12T10:12:00Z"",""type"":""retry"",""code"":502},{""t"":""2026-09-13T10:13:00Z"",""type"":""sync_failed"",""code"":503},{""t"":""2026-09-14T10:14:00Z"",""type"":""retry"",""code"":504},{""t"":""2026-09-15T10:15:00Z"",""type"":""sync_failed"",""code"":505}]}",help who job fails the help who job fails the help who job fails the help who job fails the help who job fails the help who job fails the help who job fails the help who job fails the help who job fails the help who job fails the help who job fails the help who job fails the.,"export,sync,regression",false,2026-09-21 17:00
T-1020,2026-09-21 09:20,Customer 20 GmbH,open,"help who job fails the help who job fails the help who job fails the help who job fails the help who job fails the help who job fails the help who job fails the help who job fails the.

Steps:
1. Open dashboard
2. Click export
3. Observe 500",low,chat,ana,Export fails for account 1020,"{""id"":1020,""account"":{""plan"":""team"",""seats"":25,""region"":""eu-west-1""},""events"":[{""t"":""2026-09-10T10:10:00Z"",""type"":""retry"",""code"":500},{""t"":""2026-09-11T10:11:00Z"",""type"":""sync_failed"",""code"":501},{""t"":""2026-09-12T10:12:00Z"",""type"":""retry"",""code"":502},{""t"":""2026-09-13T10:13:00Z"",""type"":""sync_failed"",""code"":503},{""t"":""2026-09-14T10:14:00Z"",""type"":""retry"",""code"":504},{""t"":""2026-09-15T10:15:00Z"",""type"":""sync_failed"",""code"":505}]}",so confirmed customer intermittently workaround so confirmed customer intermittently workaround so confirmed customer intermittently workaround so confirmed customer intermittently workaround so confirmed customer intermittently workaround so confirmed customer intermittently workaround so confirmed customer intermittently workaround so confirmed customer intermittently workaround so confirmed customer intermittently workaround so confirmed customer intermittently workaround so confirmed customer intermittently workaround so confirmed customer intermittently workaround.,"export,sync,regression",true,2026-09-22 17:00
T-1021,2026-09-22 09:21,Customer 21 GmbH,closed,so confirmed customer intermittently workaround so confirmed customer intermittently workaround so confirmed customer intermittently workaround so confirmed customer intermittently workaround so confirmed customer intermittently workaround so confirmed customer intermittently workaround so confirmed customer intermittently workaround so confirmed customer intermittently workaround so confirmed customer intermittently workaround so confirmed customer intermittently workaround so confirmed customer intermittently workaround so confirmed customer intermittently workaround so confirmed customer intermittently workaround so confirmed customer intermittently workaround.,normal,email,ben,Export fails for account 1021,"{""id"":1021,""account"":{""plan"":""pro"",""seats"":26,""region"":""eu-west-1""},""events"":[{""t"":""2026-09-10T10:10:00Z"",""type"":""retry"",""code"":500},{""t"":""2026-09-11T10:11:00Z"",""type"":""sync_failed"",""code"":501},{""t"":""2026-09-12T10:12:00Z"",""type"":""retry"",""code"":502},{""t"":""2026-09-13T10:13:00Z"",""type"":""sync_failed"",""code"":503},{""t"":""2026-09-14T10:14:00Z"",""type"":""retry"",""code"":504},{""t"":""2026-09-15T10:15:00Z"",""type"":""sync_failed"",""code"":505}]}",we a reported after of we a reported after of we a reported after of we a reported after of we a reported after of we a reported after of we a reported after of we a reported after of we a reported after of we a reported after of we a reported after of we a reported after of.,"export,sync,regression",false,2026-09-23 17:00
T-1022,2026-09-23 09:22,Customer 22 GmbH,open,we a reported after of we a reported after of we a reported after of we a reported after of we a reported after of we a reported after of we a reported after of we a reported after of we a reported after of we a reported after of we a reported after of we a reported after of we a reported after of we a reported after of we a reported after of we a reported after of we a reported after of we a reported after of we a reported after of we a reported after of.,high,chat,chen,Export fails for account 1022,"{""id"":1022,""account"":{""plan"":""team"",""seats"":27,""region"":""eu-west-1""},""events"":[{""t"":""2026-09-10T10:10:00Z"",""type"":""retry"",""code"":500},{""t"":""2026-09-11T10:11:00Z"",""type"":""sync_failed"",""code"":501},{""t"":""2026-09-12T10:12:00Z"",""type"":""retry"",""code"":502},{""t"":""2026-09-13T10:13:00Z"",""type"":""sync_failed"",""code"":503},{""t"":""2026-09-14T10:14:00Z"",""type"":""retry"",""code"":504},{""t"":""2026-09-15T10:15:00Z"",""type"":""sync_failed"",""code"":505}]}",escalated regression that the clearing escalated regression that the clearing escalated regression that the clearing escalated regression that the clearing escalated regression that the clearing escalated regression that the clearing escalated regression that the clearing escalated regression that the clearing escalated regression that the clearing escalated regression that the clearing escalated regression that the clearing escalated regression that the clearing.,"export,sync,regression",false,2026-09-24 17:00
T-1023,2026-09-24 09:23,Customer 23 GmbH,open,escalated regression that the clearing escalated regression that the clearing escalated regression that the clearing escalated regression that the clearing escalated regression that the clearing escalated regression that the clearing escalated regression that the clearing escalated regression that the clearing escalated regression that the clearing escalated regression that the clearing escalated regression that the clearing escalated regression that the clearing escalated regression that the clearing escalated regression that the clearing escalated regression that the clearing escalated regression that the clearing escalated regression that the clearing escalated regression that the clearing escalated regression that the clearing escalated regression that the clearing escalated regression that the clearing escalated regression that the clearing escalated regression that the clearing escalated regression that the clearing escalated regression that the clearing escalated regression that the clearing.,urgent,email,dev,Export fails for account 1023,"{""id"":1023,""account"":{""plan"":""pro"",""seats"":28,""region"":""eu-west-1""},""events"":[{""t"":""2026-09-10T10:10:00Z"",""type"":""retry"",""code"":500},{""t"":""2026-09-11T10:11:00Z"",""type"":""sync_failed"",""code"":501},{""t"":""2026-09-12T10:12:00Z"",""type"":""retry"",""code"":502},{""t"":""2026-09-13T10:13:00Z"",""type"":""sync_failed"",""code"":503},{""t"":""2026-09-14T10:14:00Z"",""type"":""retry"",""code"":504},{""t"":""2026-09-15T10:15:00Z"",""type"":""sync_failed"",""code"":505}]}",to in the latest cache to in the latest cache to in the latest cache to in the latest cache to in the latest cache to in the latest cache to in the latest cache to in the latest cache to in the latest cache to in the latest cache to in the latest cache to in the latest cache.,"export,sync,regression",false,2026-09-25 17:00
T-1024,2026-09-25 09:24,Customer 24 GmbH,closed,"to in the latest cache to in the latest cache to in the latest cache to in the latest cache to in the latest cache to in the latest cache to in the latest cache to in the latest cache to in the latest cache to in the latest cache to in the latest cache to in the latest cache to in the latest cache to in the latest cache to in the latest cache to in the latest cache to in the latest cache to in the latest cache to in the latest cache to in the latest cache to in the latest cache to in the latest cache to in the latest cache to in the latest cache to in the latest cache to in the latest cache to in the latest cache to in the latest cache to in the latest cache to in the latest cache to in the latest cache to in the latest cache.

Steps:
1. Open dashboard
2. Click export
3. Observe 500",low,chat,ana,Export fails for account 1024,"{""id"":1024,""account"":{""plan"":""team"",""seats"":29,""region"":""eu-west-1""},""events"":[{""t"":""2026-09-10T10:10:00Z"",""type"":""retry"",""code"":500},{""t"":""2026-09-11T10:11:00Z"",""type"":""sync_failed"",""code"":501},{""t"":""2026-09-12T10:12:00Z"",""type"":""retry"",""code"":502},{""t"":""2026-09-13T10:13:00Z"",""type"":""sync_failed"",""code"":503},{""t"":""2026-09-14T10:14:00Z"",""type"":""retry"",""code"":504},{""t"":""2026-09-15T10:15:00Z"",""type"":""sync_failed"",""code"":505}]}",tier the export update did tier the export update did tier the export update did tier the export update did tier the export update did tier the export update did tier the export update did tier the export update did tier the export update did tier the export update did tier the export update did tier the export update did.,"export,sync,regression",false,2026-09-26 17:00
T-1025,2026-09-26 09:25,Customer 25 GmbH,open,tier the export update did tier the export update did tier the export update did tier the export update did tier the export update did tier the export update did tier the export update did tier the export update did.,normal,email,ben,Export fails for account 1025,"{""id"":1025,""account"":{""plan"":""pro"",""seats"":30,""region"":""eu-west-1""},""events"":[{""t"":""2026-09-10T10:10:00Z"",""type"":""retry"",""code"":500},{""t"":""2026-09-11T10:11:00Z"",""type"":""sync_failed"",""code"":501},{""t"":""2026-09-12T10:12:00Z"",""type"":""retry"",""code"":502},{""t"":""2026-09-13T10:13:00Z"",""type"":""sync_failed"",""code"":503},{""t"":""2026-09-14T10:14:00Z"",""type"":""retry"",""code"":504},{""t"":""2026-09-15T10:15:00Z"",""type"":""sync_failed"",""code"":505}]}",two sync button and not two sync button and not two sync button and not two sync button and not two sync button and not two sync button and not two sync button and not two sync button and not two sync button and not two sync button and not two sync button and not two sync button and not.,"export,sync,regression",true,2026-09-27 17:00
T-1026,2026-09-27 09:26,Customer 26 GmbH,open,two sync button and not two sync button and not two sync button and not two sync button and not two sync button and not two sync button and not two sync button and not two sync button and not two sync button and not two sync button and not two sync button and not two sync button and not two sync button and not two sync button and not.,high,chat,chen,Export fails for account 1026,"{""id"":1026,""account"":{""plan"":""team"",""seats"":31,""region"":""eu-west-1""},""events"":[{""t"":""2026-09-10T10:10:00Z"",""type"":""retry"",""code"":500},{""t"":""2026-09-11T10:11:00Z"",""type"":""sync_failed"",""code"":501},{""t"":""2026-09-12T10:12:00Z"",""type"":""retry"",""code"":502},{""t"":""2026-09-13T10:13:00Z"",""type"":""sync_failed"",""code"":503},{""t"":""2026-09-14T10:14:00Z"",""type"":""retry"",""code"":504},{""t"":""2026-09-15T10:15:00Z"",""type"":""sync_failed"",""code"":505}]}",who job fails the help who job fails the help who job fails the help who job fails the help who job fails the help who job fails the help who job fails the help who job fails the help who job fails the help who job fails the help who job fails the help who job fails the help.,"export,sync,regression",false,2026-09-28 17:00
T-1027,2026-09-28 09:27,Customer 27 GmbH,closed,who job fails the help who job fails the help who job fails the help who job fails the help who job fails the help who job fails the help who job fails the help who job fails the help who job fails the help who job fails the help who job fails the help who job fails the help who job fails the help who job fails the help who job fails the help who job fails the help who job fails the help who job fails the help who job fails the help who job fails the help.,urgent,email,dev,Export fails for account 1027,"{""id"":1027,""account"":{""plan"":""pro"",""seats"":32,""region"":""eu-west-1""},""events"":[{""t"":""2026-09-10T10:10:00Z"",""type"":""retry"",""code"":500},{""t"":""2026-09-11T10:11:00Z"",""type"":""sync_failed"",""code"":501},{""t"":""2026-09-12T10:12:00Z"",""type"":""retry"",""code"":502},{""t"":""2026-09-13T10:13:00Z"",""type"":""sync_failed"",""code"":503},{""t"":""2026-09-14T10:14:00Z"",""type"":""retry"",""code"":504},{""t"":""2026-09-15T10:15:00Z"",""type"":""sync_failed"",""code"":505}]}",confirmed customer intermittently workaround so confirmed customer intermittently workaround so confirmed customer intermittently workaround so confirmed customer intermittently workaround so confirmed customer intermittently workaround so confirmed customer intermittently workaround so confirmed customer intermittently workaround so confirmed customer intermittently workaround so confirmed customer intermittently workaround so confirmed customer intermittently workaround so confirmed customer intermittently workaround so confirmed customer intermittently workaround so.,"export,sync,regression",false,2026-09-02 17:00
T-1028,2026-09-01 09:28,Customer 28 GmbH,open,"confirmed customer intermittently workaround so confirmed customer intermittently workaround so confirmed customer intermittently workaround so confirmed customer intermittently workaround so confirmed customer intermittently workaround so confirmed customer intermittently workaround so confirmed customer intermittently workaround so confirmed customer intermittently workaround so confirmed customer intermittently workaround so confirmed customer intermittently workaround so confirmed customer intermittently workaround so confirmed customer intermittently workaround so confirmed customer intermittently workaround so confirmed customer intermittently workaround so confirmed customer intermittently workaround so confirmed customer intermittently workaround so confirmed customer intermittently workaround so confirmed customer intermittently workaround so confirmed customer intermittently workaround so confirmed customer intermittently workaround so confirmed customer intermittently workaround so confirmed customer intermittently workaround so confirmed customer intermittently workaround so confirmed customer intermittently workaround so confirmed customer intermittently workaround so confirmed customer intermittently workaround so.

Steps:
1. Open dashboard
2. Click export
3. Observe 500",low,chat,ana,Export fails for account 1028,"{""id"":1028,""account"":{""plan"":""team"",""seats"":33,""region"":""eu-west-1""},""events"":[{""t"":""2026-09-10T10:10:00Z"",""type"":""retry"",""code"":500},{""t"":""2026-09-11T10:11:00Z"",""type"":""sync_failed"",""code"":501},{""t"":""2026-09-12T10:12:00Z"",""type"":""retry"",""code"":502},{""t"":""2026-09-13T10:13:00Z"",""type"":""sync_failed"",""code"":503},{""t"":""2026-09-14T10:14:00Z"",""type"":""retry"",""code"":504},{""t"":""2026-09-15T10:15:00Z"",""type"":""sync_failed"",""code"":505}]}",a reported after of we a reported after of we a reported after of we a reported after of we a reported after of we a reported after of we a reported after of we a reported after of we a reported after of we a reported after of we a reported after of we a reported after of we.,"export,sync,regression",false,2026-09-03 17:00
T-1029,2026-09-02 09:29,Customer 29 GmbH,open,a reported after of we a reported after of we a reported after of we a reported after of we a reported after of we a reported after of we a reported after of we a reported after of we a reported after of we a reported after of we a reported after of we a reported after of we a reported after of we a reported after of we a reported after of we a reported after of we a reported after of we a reported after of we a reported after of we a reported after of we a reported after of we a reported after of we a reported after of we a reported after of we a reported after of we a reported after of we a reported after of we a reported after of we a reported after of we a reported after of we a reported after of we a reported after of we.,normal,email,ben,Export fails for account 1029,"{""id"":1029,""account"":{""plan"":""pro"",""seats"":34,""region"":""eu-west-1""},""events"":[{""t"":""2026-09-10T10:10:00Z"",""type"":""retry"",""code"":500},{""t"":""2026-09-11T10:11:00Z"",""type"":""sync_failed"",""code"":501},{""t"":""2026-09-12T10:12:00Z"",""type"":""retry"",""code"":502},{""t"":""2026-09-13T10:13:00Z"",""type"":""sync_failed"",""code"":503},{""t"":""2026-09-14T10:14:00Z"",""type"":""retry"",""code"":504},{""t"":""2026-09-15T10:15:00Z"",""type"":""sync_failed"",""code"":505}]}",regression that the clearing escalated regression that the clearing escalated regression that the clearing escalated regression that the clearing escalated regression that the clearing escalated regression that the clearing escalated regression that the clearing escalated regression that the clearing escalated regression that the clearing escalated regression that the clearing escalated regression that the clearing escalated regression that the clearing escalated.,"export,sync,regression",false,2026-09-04 17:00
T-1030,2026-09-03 09:30,Customer 30 GmbH,closed,regression that the clearing escalated regression that the clearing escalated regression that the clearing escalated regression that the clearing escalated regression that the clearing escalated regression that the clearing escalated regression that the clearing escalated regression that the clearing escalated.,high,chat,chen,Export fails for account 1030,"{""id"":1030,""account"":{""plan"":""team"",""seats"":35,""region"":""eu-west-1""},""events"":[{""t"":""2026-09-10T10:10:00Z"",""type"":""retry"",""code"":500},{""t"":""2026-09-11T10:11:00Z"",""type"":""sync_failed"",""code"":501},{""t"":""2026-09-12T10:12:00Z"",""type"":""retry"",""code"":502},{""t"":""2026-09-13T10:13:00Z"",""type"":""sync_failed"",""code"":503},{""t"":""2026-09-14T10:14:00Z"",""type"":""retry"",""code"":504},{""t"":""2026-09-15T10:15:00Z"",""type"":""sync_failed"",""code"":505}]}",in the latest cache to in the latest cache to in the latest cache to in the latest cache to in the latest cache to in the latest cache to in the latest cache to in the latest cache to in the latest cache to in the latest cache to in the latest cache to in the latest cache to.,"export,sync,regression",true,2026-09-05 17:00
T-1031,2026-09-04 09:31,Customer 31 GmbH,open,in the latest cache to in the latest cache to in the latest cache to in the latest cache to in the latest cache to in the latest cache to in the latest cache to in the latest cache to in the latest cache to in the latest cache to in the latest cache to in the latest cache to in the latest cache to in the latest cache to.,urgent,email,dev,Export fails for account 1031,"{""id"":1031,""account"":{""plan"":""pro"",""seats"":36,""region"":""eu-west-1""},""events"":[{""t"":""2026-09-10T10:10:00Z"",""type"":""retry"",""code"":500},{""t"":""2026-09-11T10:11:00Z"",""type"":""sync_failed"",""code"":501},{""t"":""2026-09-12T10:12:00Z"",""type"":""retry"",""code"":502},{""t"":""2026-09-13T10:13:00Z"",""type"":""sync_failed"",""code"":503},{""t"":""2026-09-14T10:14:00Z"",""type"":""retry"",""code"":504},{""t"":""2026-09-15T10:15:00Z"",""type"":""sync_failed"",""code"":505}]}",the export update did tier the export update did tier the export update did tier the export update did tier the export update did tier the export update did tier the export update did tier the export update did tier the export update did tier the export update did tier the export update did tier the export update did tier.,"export,sync,regression",false,2026-09-06 17:00
T-1032,2026-09-05 09:32,Customer 32 GmbH,open,"the export update did tier the export update did tier the export update did tier the export update did tier the export update did tier the export update did tier the export update did tier the export update did tier the export update did tier the export update did tier the export update did tier the export update did tier the export update did tier the export update did tier the export update did tier the export update did tier the export update did tier the export update did tier the export update did tier the export update did tier.

Steps:
1. Open dashboard
2. Click export
3. Observe 500",low,chat,ana,Export fails for account 1032,"{""id"":1032,""account"":{""plan"":""team"",""seats"":37,""region"":""eu-west-1""},""events"":[{""t"":""2026-09-10T10:10:00Z"",""type"":""retry"",""code"":500},{""t"":""2026-09-11T10:11:00Z"",""type"":""sync_failed"",""code"":501},{""t"":""2026-09-12T10:12:00Z"",""type"":""retry"",""code"":502},{""t"":""2026-09-13T10:13:00Z"",""type"":""sync_failed"",""code"":503},{""t"":""2026-09-14T10:14:00Z"",""type"":""retry"",""code"":504},{""t"":""2026-09-15T10:15:00Z"",""type"":""sync_failed"",""code"":505}]}",sync button and not two sync button and not two sync button and not two sync button and not two sync button and not two sync button and not two sync button and not two sync button and not two sync button and not two sync button and not two sync button and not two sync button and not two.,"export,sync,regression",false,2026-09-07 17:00
T-1033,2026-09-06 09:33,Customer 33 GmbH,closed,sync button and not two sync button and not two sync button and not two sync button and not two sync button and not two sync button and not two sync button and not two sync button and not two sync button and not two sync button and not two sync button and not two sync button and not two sync button and not two sync button and not two sync button and not two sync button and not two sync button and not two sync button and not two sync button and not two sync button and not two sync button and not two sync button and not two sync button and not two sync button and not two sync button and not two sync button and not two.,normal,email,ben,Export fails for account 1033,"{""id"":1033,""account"":{""plan"":""pro"",""seats"":38,""region"":""eu-west-1""},""events"":[{""t"":""2026-09-10T10:10:00Z"",""type"":""retry"",""code"":500},{""t"":""2026-09-11T10:11:00Z"",""type"":""sync_failed"",""code"":501},{""t"":""2026-09-12T10:12:00Z"",""type"":""retry"",""code"":502},{""t"":""2026-09-13T10:13:00Z"",""type"":""sync_failed"",""code"":503},{""t"":""2026-09-14T10:14:00Z"",""type"":""retry"",""code"":504},{""t"":""2026-09-15T10:15:00Z"",""type"":""sync_failed"",""code"":505}]}",job fails the help who job fails the help who job fails the help who job fails the help who job fails the help who job fails the help who job fails the help who job fails the help who job fails the help who job fails the help who job fails the help who job fails the help who.,"export,sync,regression",false,2026-09-08 17:00
T-1034,2026-09-07 09:34,Customer 34 GmbH,open,job fails the help who job fails the help who job fails the help who job fails the help who job fails the help who job fails the help who job fails the help who job fails the help who job fails the help who job fails the help who job fails the help who job fails the help who job fails the help who job fails the help who job fails the help who job fails the help who job fails the help who job fails the help who job fails the help who job fails the help who job fails the help who job fails the help who job fails the help who job fails the help who job fails the help who job fails the help who job fails the help who job fails the help who job fails the help who job fails the help who job fails the help who job fails the help who.,high,chat,chen,Export fails for account 1034,"{""id"":1034,""account"":{""plan"":""team"",""seats"":39,""region"":""eu-west-1""},""events"":[{""t"":""2026-09-10T10:10:00Z"",""type"":""retry"",""code"":500},{""t"":""2026-09-11T10:11:00Z"",""type"":""sync_failed"",""code"":501},{""t"":""2026-09-12T10:12:00Z"",""type"":""retry"",""code"":502},{""t"":""2026-09-13T10:13:00Z"",""type"":""sync_failed"",""code"":503},{""t"":""2026-09-14T10:14:00Z"",""type"":""retry"",""code"":504},{""t"":""2026-09-15T10:15:00Z"",""type"":""sync_failed"",""code"":505}]}",customer intermittently workaround so confirmed customer intermittently workaround so confirmed customer intermittently workaround so confirmed customer intermittently workaround so confirmed customer intermittently workaround so confirmed customer intermittently workaround so confirmed customer intermittently workaround so confirmed customer intermittently workaround so confirmed customer intermittently workaround so confirmed customer intermittently workaround so confirmed customer intermittently workaround so confirmed customer intermittently workaround so confirmed.,"export,sync,regression",false,2026-09-09 17:00
T-1035,2026-09-08 09:35,Customer 35 GmbH,open,customer intermittently workaround so confirmed customer intermittently workaround so confirmed customer intermittently workaround so confirmed customer intermittently workaround so confirmed customer intermittently workaround so confirmed customer intermittently workaround so confirmed customer intermittently workaround so confirmed customer intermittently workaround so confirmed.,urgent,email,dev,Export fails for account 1035,"{""id"":1035,""account"":{""plan"":""pro"",""seats"":40,""region"":""eu-west-1""},""events"":[{""t"":""2026-09-10T10:10:00Z"",""type"":""retry"",""code"":500},{""t"":""2026-09-11T10:11:00Z"",""type"":""sync_failed"",""code"":501},{""t"":""2026-09-12T10:12:00Z"",""type"":""retry"",""code"":502},{""t"":""2026-09-13T10:13:00Z"",""type"":""sync_failed"",""code"":503},{""t"":""2026-09-14T10:14:00Z"",""type"":""retry"",""code"":504},{""t"":""2026-09-15T10:15:00Z"",""type"":""sync_failed"",""code"":505}]}",reported after of we a reported after of we a reported after of we a reported after of we a reported after of we a reported after of we a reported after of we a reported after of we a reported after of we a reported after of we a reported after of we a reported after of we a.,"export,sync,regression",true,2026-09-10 17:00
T-1036,2026-09-09 09:36,Customer 36 GmbH,closed,"reported after of we a reported after of we a reported after of we a reported after of we a reported after of we a reported after of we a reported after of we a reported after of we a reported after of we a reported after of we a reported after of we a reported after of we a reported after of we a reported after of we a.

Steps:
1. Open dashboard
2. Click export
3. Observe 500",low,chat,ana,Export fails for account 1036,"{""id"":1036,""account"":{""plan"":""team"",""seats"":41,""region"":""eu-west-1""},""events"":[{""t"":""2026-09-10T10:10:00Z"",""type"":""retry"",""code"":500},{""t"":""2026-09-11T10:11:00Z"",""type"":""sync_failed"",""code"":501},{""t"":""2026-09-12T10:12:00Z"",""type"":""retry"",""code"":502},{""t"":""2026-09-13T10:13:00Z"",""type"":""sync_failed"",""code"":503},{""t"":""2026-09-14T10:14:00Z"",""type"":""retry"",""code"":504},{""t"":""2026-09-15T10:15:00Z"",""type"":""sync_failed"",""code"":505}]}",that the clearing escalated regression that the clearing escalated regression that the clearing escalated regression that the clearing escalated regression that the clearing escalated regression that the clearing escalated regression that the clearing escalated regression that the clearing escalated regression that the clearing escalated regression that the clearing escalated regression that the clearing escalated regression that the clearing escalated regression.,"export,sync,regression",false,2026-09-11 17:00
T-1037,2026-09-10 09:37,Customer 37 GmbH,open,that the clearing escalated regression that the clearing escalated regression that the clearing escalated regression that the clearing escalated regression that the clearing escalated regression that the clearing escalated regression that the clearing escalated regression that the clearing escalated regression that the clearing escalated regression that the clearing escalated regression that the clearing escalated regression that the clearing escalated regression that the clearing escalated regression that the clearing escalated regression that the clearing escalated regression that the clearing escalated regression that the clearing escalated regression that the clearing escalated regression that the clearing escalated regression that the clearing escalated regression.,normal,email,ben,Export fails for account 1037,"{""id"":1037,""account"":{""plan"":""pro"",""seats"":42,""region"":""eu-west-1""},""events"":[{""t"":""2026-09-10T10:10:00Z"",""type"":""retry"",""code"":500},{""t"":""2026-09-11T10:11:00Z"",""type"":""sync_failed"",""code"":501},{""t"":""2026-09-12T10:12:00Z"",""type"":""retry"",""code"":502},{""t"":""2026-09-13T10:13:00Z"",""type"":""sync_failed"",""code"":503},{""t"":""2026-09-14T10:14:00Z"",""type"":""retry"",""code"":504},{""t"":""2026-09-15T10:15:00Z"",""type"":""sync_failed"",""code"":505}]}",the latest cache to in the latest cache to in the latest cache to in the latest cache to in the latest cache to in the latest cache to in the latest cache to in the latest cache to in the latest cache to in the latest cache to in the latest cache to in the latest cache to in.,"export,sync,regression",false,2026-09-12 17:00
T-1038,2026-09-11 09:38,Customer 38 GmbH,open,the latest cache to in the latest cache to in the latest cache to in the latest cache to in the latest cache to in the latest cache to in the latest cache to in the latest cache to in the latest cache to in the latest cache to in the latest cache to in the latest cache to in the latest cache to in the latest cache to in the latest cache to in the latest cache to in the latest cache to in the latest cache to in the latest cache to in the latest cache to in the latest cache to in the latest cache to in the latest cache to in the latest cache to in the latest cache to in the latest cache to in.,high,chat,chen,Export fails for account 1038,"{""id"":1038,""account"":{""plan"":""team"",""seats"":43,""region"":""eu-west-1""},""events"":[{""t"":""2026-09-10T10:10:00Z"",""type"":""retry"",""code"":500},{""t"":""2026-09-11T10:11:00Z"",""type"":""sync_failed"",""code"":501},{""t"":""2026-09-12T10:12:00Z"",""type"":""retry"",""code"":502},{""t"":""2026-09-13T10:13:00Z"",""type"":""sync_failed"",""code"":503},{""t"":""2026-09-14T10:14:00Z"",""type"":""retry"",""code"":504},{""t"":""2026-09-15T10:15:00Z"",""type"":""sync_failed"",""code"":505}]}",export update did tier the export update did tier the export update did tier the export update did tier the export update did tier the export update did tier the export update did tier the export update did tier the export update did tier the export update did tier the export update did tier the export update did tier the.,"export,sync,regression",false,2026-09-13 17:00
T-1039,2026-09-12 09:39,Customer 39 GmbH,closed,export update did tier the export update did tier the export update did tier the export update did tier the export update did tier the export update did tier the export update did tier the export update did tier the export update did tier the export update did tier the export update did tier the export update did tier the export update did tier the export update did tier the export update did tier the export update did tier the export update did tier the export update did tier the export update did tier the export update did tier the export update did tier the export update did tier the export update did tier the export update did tier the export update did tier the export update did tier the export update did tier the export update did tier the export update did tier the export update did tier the export update did tier the export update did tier the.,urgent,email,dev,Export fails for account 1039,"{""id"":1039,""account"":{""plan"":""pro"",""seats"":44,""region"":""eu-west-1""},""events"":[{""t"":""2026-09-10T10:10:00Z"",""type"":""retry"",""code"":500},{""t"":""2026-09-11T10:11:00Z"",""type"":""sync_failed"",""code"":501},{""t"":""2026-09-12T10:12:00Z"",""type"":""retry"",""code"":502},{""t"":""2026-09-13T10:13:00Z"",""type"":""sync_failed"",""code"":503},{""t"":""2026-09-14T10:14:00Z"",""type"":""retry"",""code"":504},{""t"":""2026-09-15T10:15:00Z"",""type"":""sync_failed"",""code"":505}]}",button and not two sync button and not two sync button and not two sync button and not two sync button and not two sync button and not two sync button and not two sync button and not two sync button and not two sync button and not two sync button and not two sync button and not two sync.,"export,sync,regression",false,2026-09-14 17:00